customerID,Churn
7590-VHVEG,No
3668-QPYBK,Yes
7892-POOKP,Yes
5129-JLPIS,No
3655-SNQYZ,No
4190-MFLUW,Yes
8779-QRDMV,Yes
6322-HRPFA,No
8773-HHUOZ,Yes
3841-NFECX,No
4929-XIHVW,No
9867-JCZSP,No
4671-VJLCL,No
5948-UJZLF,No
2954-PIBKO,No
9420-LOJKX,Yes
6575-SUVOI,No
7495-OOKFY,Yes
5954-BDFSG,No
1215-FIGMP,No
0557-ASKVU,No
7410-OIEDU,No
2273-QCKXA,No
0731-EBJQB,No
8028-PNXHQ,No
6416-JNVRK,No
5590-ZSKRV,No
5919-TMRGD,Yes
0318-ZOPWS,No
4445-ZJNMU,No
2796-NNUFI,No
8637-XJIVR,Yes
9803-FTJCG,No
0278-YXOOG,Yes
6180-YBIQI,No
2848-YXSMW,No
5712-AHQNN,No
5256-SKJGO,No
5299-RULOA,Yes
8402-OOOHJ,No
2928-HLDBA,No
6734-PSBAW,No
6207-WIOLX,Yes
3146-MSEGF,No
2636-SJDOU,No
1131-QQZEB,No
5716-EZXZN,No
3466-BYAVD,No
3780-YVMFA,No
1679-JRFBR,No
9073-ZZIAY,No
6551-GNYDG,No
9167-APMXZ,No
4482-EWFMI,No
4648-YPBTM,No
2907-ILJBN,No
3445-HXXGF,Yes
0691-JVSYA,Yes
5918-VUKWP,No
2656-FMOKZ,Yes
5947-SGKCL,No
5524-KHNJP,No
1918-ZBFQJ,Yes
1024-GUALD,Yes
8017-UVSZU,No
7255-SSFBC,No
1347-KTTTA,No
4195-NZGTA,No
7157-SMCFK,No
4709-LKHYG,No
0699-NDKJM,No
1251-KRREG,Yes
7301-ABVAD,No
9058-HRZSV,No
0221-WMXNQ,No
9947-OTFQU,Yes
0959-WHOKV,No
9514-JDSKI,Yes
3282-ZISZV,No
3606-TWKGI,Yes
7605-BDWDC,No
1950-KSVVJ,No
0123-CRBRT,No
6292-TOSSS,No
7014-ZZXAW,No
7633-MVPUY,No
5940-AHUHD,Yes
3179-GBRWV,No
8229-MYEJZ,No
9512-UIBFX,Yes
3808-HFKDE,No
4847-TAJYI,No
1563-IWQEX,No
8203-XJZRC,No
6556-DBKZF,No
2985-JUUBZ,No
0895-LMRSF,No
1098-TDVUQ,No
1557-EMYVT,No
5027-YOCXN,No
2321-OMBXY,Yes
6745-JEFZB,No
5701-YVSVF,No
5804-LEPIM,Yes
5697-GOMBF,No
0122-OAHPZ,Yes
2868-SNELZ,Yes
1343-EHPYB,Yes
4115-NZRKS,No
4572-DVCGN,Yes
3351-NGXYI,No
9294-TDIPC,No
0259-GBZSH,Yes
2805-EDJPQ,No
7156-MXBJE,No
9601-BRXPO,Yes
2863-IMQDR,No
5686-CMAWK,No
5651-CRHKQ,No
6905-NIQIN,Yes
6583-SZVGP,No
8782-LKFPK,No
9774-NRNAU,No
2277-AXSDC,No
0979-PHULV,Yes
5495-GPSRW,No
7606-BPHHN,No
4800-VHZKI,Yes
0334-GDDSO,Yes
4163-NCJAK,No
5233-AOZUF,No
5249-QYHEX,No
5564-NEMQO,Yes
3935-TBRZZ,No
8111-BKVDS,No
2806-MLNTI,No
7781-HVGMK,No
1090-ESELR,No
8592-PLTMQ,No
5760-WRAHC,No
4785-FCIFB,No
8313-NDOIA,No
4237-CLSMM,No
6614-VBEGU,No
9076-AXYIK,No
5968-XQIVE,No
1304-BCCFO,No
9399-APLBT,Yes
2359-KMGLI,Yes
6227-HWPWX,Yes
5168-MQQCA,No
4472-LVYGI,No
8372-JUXUI,Yes
6778-YSNIH,No
5756-OZRIO,No
0505-SPOOW,No
3957-HHLMR,No
5736-YEJAX,No
5609-CEBID,Yes
8535-SFUTN,No
5956-VKDTT,Yes
9412-GHEEC,Yes
7531-GQHME,No
7601-GNDYK,No
0356-OBMAC,No
1403-GYAFU,No
4234-XTNEA,No
2866-IKBTM,No
3580-HYCSP,No
3701-SFMUH,No
5846-NEQVZ,No
5781-RFZRP,No
7293-LSCDV,No
5192-EBGOV,Yes
5512-IDZEI,No
9244-ZVAPM,No
5173-ZXXXL,No
2001-MCUUW,No
6516-NKQBO,No
3419-SNJJD,Yes
7134-MJPDY,No
5240-CAOYT,No
1009-IRMNA,Yes
3003-CMDUU,No
5016-IBERQ,No
2469-DTSGX,No
9931-KGHOA,No
7665-VIGUD,No
2077-DDHJK,No
9574-BOSMD,No
4580-TMHJU,Yes
5644-PDMZC,Yes
2024-BASKD,Yes
5845-BZZIB,No
8100-PNJMH,No
4464-JCOLN,Yes
2800-VEQXM,No
3859-CVCET,Yes
3276-HDUEG,Yes
9092-GDZKO,No
2324-AALNO,No
0822-GAVAP,Yes
4957-TREIR,No
8262-COGGB,No
0078-XZMHT,No
9978-HYCIN,No
8338-QIUNR,No
1456-TWCGB,No
5575-TPIZQ,No
8434-VGEQQ,No
1589-AGTLK,Yes
2684-EIWEO,Yes
6621-YOBKI,No
1216-JWVUX,No
1307-TVUFB,No
4381-MHQDC,No
6923-JHPMP,No
1635-FJFCC,No
6919-ELBGL,No
8224-IVVPA,No
1410-RSCMR,No
3115-CZMZD,No
0139-IVFJG,No
7379-POKDZ,Yes
5175-WLYXL,No
8823-RLPWL,No
9505-SQFSW,No
5676-CFLYY,No
3807-XHCJH,No
1450-GALXR,Yes
3174-AKMAS,No
9926-PJHDQ,No
7382-DFJTU,No
2798-NYLMZ,No
1820-TQVEV,Yes
2239-JALAW,Yes
4853-RULSV,Yes
4785-NKHCX,No
3196-NVXLZ,No
0115-TFERT,Yes
4335-BSMJS,No
9101-BWFSS,Yes
9650-VBUOG,No
3487-EARAT,No
2672-TGEFF,No
4250-WAROZ,No
6982-SSHFK,Yes
6092-QZVPP,No
0392-BZIUW,No
6549-NNDYT,No
3027-ZTDHO,Yes
9778-OGKQZ,No
7905-TVXTA,No
4795-UXVCJ,No
0947-MUGVO,Yes
4124-MMETB,Yes
3671-SHRSP,Yes
3313-QKNKB,Yes
0323-XWWTN,No
5073-WXOYN,Yes
7945-HLKEA,No
9342-VNIMQ,No
5170-PTRKA,No
2123-AGEEN,No
1258-YMZNM,No
0048-LUMLS,No
7549-MYGPK,Yes
5898-IGSLP,No
0678-RLHVP,No
5285-MVEHD,No
0379-DJQHR,No
0781-LKXBR,Yes
0297-RBCSG,No
6024-RUGGH,No
6513-EECDB,Yes
7471-WNSUF,No
4301-VVZKA,No
9199-PWQVC,No
0862-PRCBS,No
5146-CBVOE,No
0347-UBKUZ,No
7567-ECMCM,No
6353-BRMMA,No
7028-DVOIQ,Yes
8467-WYNSR,No
3261-CQXOL,No
9489-UTFKA,No
4541-RMRLG,Yes
7764-BDPEE,No
3158-MOERK,Yes
5002-GCQFH,No
0556-FJEGU,No
0604-THJFP,No
5879-SESNB,No
3318-ISQFQ,No
3280-NMUVX,No
8361-LBRDI,No
3234-VKACU,No
1989-PRJHP,Yes
8917-FAEMR,No
3748-FVMZZ,No
8242-SOQUO,No
7868-TMWMZ,No
6732-FZUGP,No
4184-TJFAN,Yes
1352-VHKAJ,No
2632-TACXW,No
0810-DHDBD,No
2829-HYVZP,No
7013-PSXHK,No
5981-ITEMU,Yes
2074-GKOWZ,Yes
0376-YMCJC,Yes
1730-VFMWO,No
9646-NMHXE,No
7030-NJVDP,No
8883-GRDWQ,No
4121-AGSIN,No
9170-ARBTB,No
4441-NIHPT,Yes
8999-BOHSE,Yes
7029-RPUAV,Yes
8590-YFFQO,No
7439-DKZTW,No
4159-NAAIX,No
3391-JSQEW,No
0343-QLUZP,No
9763-PDTKK,Yes
2176-LVPNX,No
1271-UODNO,No
8461-EFQYM,No
1459-QNFQT,No
8791-GFXLZ,No
5859-HZYLF,No
3156-QLHBO,No
6621-NRZAK,No
0831-JNISG,No
1430-SFQSA,No
7851-WZEKY,Yes
8807-ARQET,No
8292-ITGYJ,No
5268-DSMNQ,No
5868-CZJDR,Yes
7129-ACFOG,No
5562-BETPV,No
9127-FHJBZ,No
6994-ORCWG,No
1346-UFHAX,No
4835-YSJMR,No
8399-YNDCH,Yes
3164-YAXFY,No
4660-IRIBM,No
7670-ZBPOQ,No
8089-UZWLX,No
8221-HVAYI,No
5370-IIVVL,No
3927-NLNRY,Yes
9087-EYCPR,No
6791-YBNAK,No
6358-LYNGM,Yes
0013-MHZWF,No
8268-YDIXR,No
1373-ORVIZ,Yes
4291-SHSBH,No
9866-QEVEE,Yes
9091-WTUUY,No
7115-IRDHS,No
9068-VPWQQ,No
5552-ZNFSJ,Yes
2223-KAGMX,Yes
6507-ZJSUR,No
7595-EUIVN,Yes
7617-EYGLW,No
9220-ZNKJI,No
0723-VSOBE,No
5529-GIBVH,No
4187-CINZD,Yes
2612-PHGOX,No
8480-PPONV,No
7182-OVLBJ,No
5095-ETBRJ,No
7005-CYUIL,No
3452-FLHYD,No
2388-LAESQ,No
4389-UEFCZ,No
8711-LOBKY,No
8985-OOPOS,No
3108-PCCGG,No
8390-FESFV,No
6248-TKCQV,No
3230-IUALN,No
0042-RLHYP,No
0201-OAMXR,Yes
3941-XTSKM,No
1661-CZBAU,No
9831-BPFRI,Yes
5158-RIVOP,No
1907-YLNYW,No
1725-MIMXW,Yes
8947-YRTDV,No
0031-PVLZI,Yes
6265-FRMTQ,No
1371-DWPAZ,No
9269-CQOOL,Yes
7690-KPNCU,No
2293-IJWPS,No
2845-HSJCY,Yes
1184-PJVDB,Yes
4102-HLENU,No
9415-DPEWS,Yes
3793-MMFUH,Yes
2568-BRGYX,Yes
4238-HFHSN,No
6250-CGGUN,No
5478-JJVZK,No
6567-HOOPW,Yes
9793-WECQC,No
1697-BCSHV,No
4538-WNTMJ,No
3334-CTHOL,Yes
8621-MNIHH,Yes
8039-ACLPL,No
2592-YKDIF,No
8714-CTZJW,No
6960-HVYXR,Yes
0895-UADGO,No
2692-BUCFV,No
9350-VLHMB,No
0680-DFNNY,Yes
7767-UXAGJ,Yes
4652-ODEVH,No
0506-LVNGN,Yes
6806-YDEUL,No
1621-YNCJH,No
2952-QAYZF,Yes
6234-PFPXL,No
9824-QCJPK,No
4283-IVYCI,No
1866-OBPNR,No
5394-SVGJV,Yes
9283-LZQOH,Yes
7079-QRCBC,Yes
9495-SKLKD,No
9851-QXEEQ,Yes
8898-KASCD,No
9809-IMGCQ,Yes
5208-HFSBT,Yes
5035-PGZXH,No
8605-ITULD,No
3254-YRILK,Yes
7041-TXQJH,No
5240-IJOQT,Yes
7898-PDWQE,No
9972-EWRJS,No
5799-JRCZO,No
6198-RTPMF,No
2924-KHUVI,No
5766-XQXMQ,Yes
0640-YJTPY,No
9764-REAFF,No
3703-VAVCL,Yes
7107-UBYKY,No
6326-MTTXK,Yes
5071-FBJFS,No
2429-AYKKO,No
0330-IVZHA,Yes
2886-KEFUM,Yes
7776-QGYJC,No
4672-FOTSD,No
1436-ZMJAN,No
3292-PBZEJ,No
7675-OZCZG,Yes
5312-TSZVC,No
7108-DGVUU,No
5127-BZENZ,No
2720-FVBQP,No
7351-KYHQH,No
7643-RCHXS,No
8246-SHFGA,No
6485-QXWWE,No
3584-WKTTW,No
3092-IGHWF,Yes
6518-PPLMZ,No
8017-LXHFA,Yes
5930-GBIWP,No
2361-UPSND,No
5035-BVCXS,No
3533-UVMOM,No
1899-VXWXM,Yes
1478-VPOAD,No
8883-ANODQ,No
4690-LLKUA,Yes
2351-RRBUE,No
9490-DFPMD,Yes
2967-MXRAV,No
8189-HBVRW,No
5364-XYIRR,Yes
1219-NNDDO,No
4403-BWPAY,No
1442-OKRJE,No
0999-QXNSA,No
0274-JKUJR,No
7359-WWYJV,No
0375-HVGXO,Yes
4906-ZHGPK,No
6223-DHJGV,No
6961-MJKBO,No
6097-EQISJ,Yes
0107-YHINA,Yes
4918-FYJNT,No
0727-BNRLG,No
6303-KFWSL,No
1702-CCFNJ,No
5515-RUGKN,No
9060-HJJRW,No
1958-RNRKS,No
1015-OWJKI,No
8646-JCOMS,No
0106-GHRQR,No
1803-BGNBD,No
0134-XWXCE,No
5356-KZCKT,No
9470-XCCEM,No
6519-CFDBX,No
3144-KMTWZ,No
2307-FYNNL,No
7530-HDYDS,Yes
7416-CKTEP,No
5922-ABDVO,Yes
3506-OVLKD,No
9172-ANCRX,Yes
6650-VJONK,No
2773-MADBQ,No
8966-KZXXA,No
9606-PBKBQ,Yes
1663-MHLHE,No
7554-AKDQF,No
0794-YVSGE,No
7321-KKSDU,No
8080-DDEMJ,Yes
8356-WUAOJ,No
8058-DMYRU,No
8958-JPTRR,No
6959-GQEGV,No
3173-WSSUE,No
1265-HVPZB,No
0621-TWIEM,Yes
7105-MXJLL,No
7940-UQQUG,No
0923-PNFUB,Yes
3961-SXAXY,No
7010-BRBUU,No
5129-HHMZC,No
3946-JEWRQ,No
0463-WZZKO,No
3494-JCHRQ,Yes
6474-FVJLC,Yes
8840-DQLGN,Yes
4547-LYTDD,Yes
9894-QMIMJ,No
8069-YQQAJ,No
6770-XUAGN,Yes
9281-PKKZE,No
6689-TCZHQ,Yes
5777-ZPQNC,No
1951-IEYXM,No
3143-ILDAL,Yes
1022-RKXDR,No
8232-UTFOZ,No
6637-KYRCV,No
0129-QMPDR,No
4623-ZKHLY,No
7696-CFTAT,No
4566-GOLUK,Yes
4587-NUKOX,Yes
4890-VMUAV,No
8183-ONMXC,Yes
0564-MUUQK,No
5447-WZAFP,No
5110-CHOPY,No
5445-UTODQ,Yes
1024-VRZHF,Yes
4703-MQYKT,No
9497-QCMMS,Yes
2208-MPXIO,No
1960-UYCNN,No
0348-SDKOL,Yes
3190-FZATL,No
7336-RLLRH,No
4373-MAVJG,Yes
8901-HJXTF,Yes
8022-BECSI,No
9993-LHIEB,No
0266-CLZKZ,No
0017-DINOC,No
1447-PJGGA,Yes
2546-KZAAT,No
0181-RITDD,No
8305-VHZBZ,Yes
9720-JJJOR,No
8100-HZZLJ,No
3546-GHEAE,No
7361-YPXFS,No
2550-QHZGP,No
8543-MSDMF,No
4872-JCVCA,No
2038-LLMLM,No
1216-BGTSP,No
2189-UXTKY,Yes
0744-BIKKF,No
7483-IQWIB,No
4958-GZWIY,Yes
7833-PKIHD,No
6356-ELRKD,Yes
5986-WWXDV,No
6179-GJPSO,Yes
3177-LASXD,Yes
3486-KHMLI,No
8290-YWKHZ,Yes
2955-BJZHG,Yes
8957-THMOA,No
2251-PYLPB,No
1057-FOGLZ,No
6227-FBDXH,No
0842-IWYCP,No
3521-HTQTV,No
3744-ZBHON,No
4123-FCVCB,No
8311-UEUAB,No
8035-BUYVG,Yes
5656-MJEFC,No
8612-GXIDD,No
6288-CHQJB,No
6648-INWPS,No
4079-VTGLK,No
1763-WQFUK,No
1391-UBDAR,No
1345-GKDZZ,No
2014-MKGMH,No
2560-WBWXF,No
0248-IPDFW,No
7978-DKUQH,No
4335-UPJSI,No
7101-HRBLJ,No
8220-OCUFY,No
3995-WFCSM,No
1895-QTKDO,No
2878-RMWXY,No
1657-DYMBM,No
7375-WMVMT,No
4695-WJZUE,Yes
8879-XUAHX,No
4195-PNGZS,No
3988-RQIXO,Yes
9891-NQDBD,No
8532-UEFWH,No
6296-DDOOR,No
4815-YOSUK,No
0380-NEAVX,No
4285-GYRQC,Yes
7216-EWTRS,Yes
7036-TYDEC,No
5802-ADBRC,No
8076-FEZKJ,No
8337-MSSXB,Yes
5494-WOZRZ,No
1302-UHBDD,No
2234-EOFPT,No
8619-IJNDK,No
8378-LKJAF,No
2528-HFYZX,Yes
5242-UOWHD,No
2482-CZGBB,Yes
9917-KWRBE,No
8069-RHUXK,No
0866-QLSIR,Yes
9554-DFKIC,No
0829-DDVLK,No
1399-UBQIU,No
9150-HEPMB,No
3126-WQMGH,No
9239-GZHZE,No
0151-ONTOV,Yes
8064-RAVOH,No
3571-RFHAR,Yes
0015-UOCOJ,No
2754-SDJRD,No
6140-QNRQQ,Yes
2135-DQWAQ,No
7488-MXJIV,Yes
3870-MQAMG,Yes
7579-KKLOE,No
7245-NIIWQ,No
5414-OFQCB,No
4967-WPNCF,No
8197-BFWVU,No
6770-UAYGJ,No
1306-RPWXZ,No
2774-LVQUS,Yes
2972-YDYUW,No
3113-IWHLC,No
4094-NSEDU,Yes
1552-AAGRX,No
2683-JXWQQ,No
9251-WNSOD,No
0235-KGSLC,Yes
6650-BWFRT,No
6993-YGFJV,No
2712-SYWAY,No
5498-IBWPI,No
9314-QDMDW,No
3413-DHLPB,No
7649-PHJVR,No
2573-GYRUU,No
1247-QBVSH,No
5136-KCKGI,Yes
6486-LHTMA,No
5141-ZUVBH,No
2929-ERCFZ,Yes
3275-RHRNE,No
1623-NLDOT,Yes
7021-XSNYE,No
4307-KWMXE,No
2450-ZKEED,No
9603-OAIHC,No
2519-FAKOD,Yes
8263-JQAIK,Yes
0023-UYUPN,No
8314-DPQHL,No
6360-SVNWV,No
8884-MRNSU,No
9492-TOKRI,Yes
1475-VWVDO,No
5406-KGRMX,No
8481-YYXWG,Yes
2230-XTUWL,No
2609-IAICY,Yes
1740-CSDJP,Yes
6559-RAKOZ,No
2636-OHFMN,Yes
4716-MRVEN,No
1212-GLHMD,No
9588-OZDMQ,No
7641-EUYET,Yes
6476-EPYZR,No
9921-ZVRHG,Yes
1174-FGIFN,No
9206-GVPEQ,Yes
8622-ZLFKO,No
2333-KWEWW,No
6061-GWWAV,No
9067-YGSCA,No
9067-SQTNS,No
8433-WXGNA,Yes
9668-PUGNU,No
1926-QUZNN,No
3707-GNWHM,Yes
7016-NVRIC,No
8245-UMPYT,Yes
0447-RXSGD,No
4927-WWOOZ,No
5373-SFODM,Yes
0661-KBKPA,No
0784-ZQJZX,No
5766-ZJYBB,Yes
3612-YVGSJ,No
7055-JCGNI,No
4826-DXMUP,No
7175-NTIXE,No
7963-SHNDT,No
9796-BPKIW,No
2882-DDZPG,No
3547-LQRIK,No
5843-TTHGI,No
8263-QMNTJ,No
3230-JCNZS,No
0277-ORXQS,No
3230-WYKIR,Yes
3227-WLKLI,No
2266-FUBDZ,No
8216-AZUUZ,No
3269-ATYWD,Yes
9624-EGDEQ,No
5849-ASHZJ,No
4526-ZJJTM,No
3750-RNQKR,No
8325-QRPZR,No
6384-VMJHP,No
1135-HIORI,No
6481-ESCNL,No
3351-NQLDI,Yes
7593-JNWRU,Yes
5315-CKEQK,No
4611-ANLQC,No
2792-LSHWX,No
5028-GZLDO,Yes
6861-XWTWQ,Yes
6769-DCQLI,Yes
3550-SAHFP,Yes
6131-FOYAS,No
3027-YNWZU,No
7473-ZBDSN,No
8348-HFYIV,Yes
6242-SGYTS,No
4659-NZRUF,Yes
1855-CFULU,No
1872-EBWSC,No
9674-EHPPG,No
8128-YVJRG,Yes
2397-BRLOM,Yes
7629-WIXZF,No
3976-HXHCE,No
6128-AQBMT,No
3594-BDSOA,No
5996-DAOQL,No
6838-YAUVY,No
0484-JPBRU,No
4636-TVXVG,No
1143-NMNQJ,Yes
9929-PLVPA,No
5074-FBGHB,No
0815-MFZGM,No
9086-YJYXS,No
0197-PNKNK,No
2439-QKJUL,No
1194-SPVSP,No
9534-NSXEM,No
2250-IVBWA,No
9506-UXUSK,No
1229-RCALF,No
3572-UOLYZ,No
6100-QQHEB,Yes
6366-XIVKZ,No
4860-YZGZM,No
4404-HIBDJ,Yes
7037-MTYVW,No
4760-THGOT,No
6584-VQMYT,No
2790-XUYMV,No
0581-MDMPW,No
5013-SBUIH,Yes
1023-BQXZE,No
9163-GHAYE,No
3904-UKFRE,No
0709-TVGUR,Yes
6023-YEBUP,Yes
7209-JCUDS,Yes
7009-PCARS,No
3001-CBHLQ,Yes
3259-QMXUN,No
6645-MXQJT,No
8433-WPJTV,No
5804-JMYIO,No
6484-LATFU,No
7599-NTMDP,No
0936-NQLJU,No
7610-TVOPG,No
3638-DIMPH,No
3999-QGRJH,Yes
1699-UOTXU,No
0635-WKOLD,No
4518-FZBSX,No
5387-ASZNZ,No
7299-GNVPL,No
9743-DQKQW,No
9371-BITHB,No
2265-CYWIV,Yes
9093-FPDLG,No
7508-KBIMB,No
0233-FTHAV,No
6963-EZQEE,No
5027-QPKTE,Yes
3617-XLSGQ,No
7508-MYBOG,Yes
9992-RRAMN,Yes
6746-WAUWT,No
0310-MVLET,Yes
2187-PKZAY,No
6652-YFFJO,No
5248-RPYWW,No
2668-TZSPS,No
7446-SFAOA,No
6505-OZNPG,No
2115-BFTIW,Yes
6203-HBZPA,No
0301-FIDRB,No
9453-PATOS,No
4402-FTBXC,No
1428-GTBJJ,Yes
0106-UGRDO,No
5311-IHLEI,No
2249-YPRNG,Yes
4626-GYCZP,Yes
5649-RXQTV,No
2674-MIAHT,No
2576-HXMPA,No
3237-AJGEH,Yes
1481-ZUWZA,Yes
4830-FAXFM,No
8996-ZROXE,No
5598-IKHQQ,No
1303-SRDOK,No
6295-OSINB,No
8046-DNVTL,No
2209-XADXF,No
7613-LLQFO,Yes
9513-DXHDA,No
8084-OIVBS,No
8896-BQTTI,No
3865-QBWSJ,No
3352-RICWQ,No
2065-MMKGR,No
4176-RELJR,No
8735-NBLWT,No
8740-XLHDR,Yes
1208-DNHLN,Yes
1761-AEZZR,Yes
5795-KTGUD,No
7120-RFMVS,Yes
4702-HDRKD,No
5897-ZYEKH,No
7317-GGVPB,Yes
9114-AAFQH,No
8715-KKTFG,No
1550-LOAHA,Yes
0268-QKIWO,Yes
0876-WDUUZ,Yes
6465-GSRCL,No
0617-FHSGK,Yes
2858-MOFSQ,Yes
8118-LSUEL,Yes
8070-AAWZP,No
1666-JXLKU,No
5133-POWUA,No
7351-MHQVU,No
3401-URHDA,No
1599-EAHXY,No
3853-LYGAM,No
5751-USDBL,No
5680-LQOGP,No
1898-JSNDC,No
4248-HCETZ,Yes
1867-TJHTS,No
0516-WJVXC,Yes
9174-FKWZE,Yes
2817-LVCPP,No
4521-WFJAI,No
6569-KTMDU,No
0867-LDTTC,No
4822-NGOCH,Yes
9844-FELAJ,No
8395-ETZKQ,No
0496-AHOOK,No
8336-TAVKX,No
3884-HCSWG,Yes
1142-WACZW,Yes
5649-ANRML,Yes
5924-IFQTT,No
2919-HBCJO,Yes
4236-XPXAV,Yes
2452-SNHFZ,No
3629-WEAAM,No
6029-CSMJE,No
7993-NQLJE,No
0581-BXBUB,No
9467-ROOLM,No
1345-ZUKID,No
2603-HVKCG,No
9097-ZUBYC,No
7272-QDCKA,No
8908-SLFCJ,No
9766-HGEDE,No
6968-MHOMU,No
7395-IGJOS,Yes
6568-POCUI,No
5197-LQXXH,No
0587-DMGBH,Yes
0570-BFQHT,No
3696-DFHHB,No
0895-DQHEW,Yes
8550-XSXUQ,No
8149-RSOUN,Yes
0585-EGDDA,No
3594-IVHJZ,No
5960-MVTUK,No
6817-WTYHE,No
0928-JMXNP,No
4825-XJGDM,No
5402-HTOTQ,No
7850-THJMU,No
3148-BLQJT,Yes
8806-EAGWC,Yes
6924-TDGMT,No
3629-ZNKXA,No
2378-YIZKA,No
4132-KALRO,No
6504-VBLFL,No
7586-ZATGZ,No
1843-TLSGD,No
7284-BUYEC,No
9194-GFVOI,No
4282-MSACW,No
7774-OJSXI,Yes
7786-WBJYI,Yes
9885-CSMWE,Yes
6137-MFAJN,No
2402-TAIRZ,No
2195-VVRJF,No
8058-JMEQO,Yes
5043-TRZWM,No
0697-ZMSWS,Yes
7657-DYEPJ,Yes
1640-PLFMP,No
4573-JKNAE,No
0840-DFEZH,No
0384-LPITE,No
1335-HQMKX,No
2545-EBUPK,No
2172-EJXVF,No
2235-ZGKPT,Yes
0689-NKYLF,Yes
3658-KIBGF,Yes
3474-BAFSJ,No
5519-YLDGW,Yes
3865-ZFZIB,No
7109-CQYUZ,No
1370-GGAWX,No
7580-UGXNC,Yes
2696-RZVZW,No
5178-LMXOP,Yes
1474-JUWSM,No
9617-INGJY,No
9052-DHNKM,No
6794-HKIAJ,No
9618-LFJRU,No
4918-QLLIW,Yes
4854-SSLTN,No
5294-DMSFH,No
4176-FXYBO,No
6719-FGEDO,No
4112-LUEIZ,Yes
0369-ZGOVK,No
8749-JMNKX,Yes
9391-LMANN,No
1698-XFZCI,No
0428-AXXLJ,No
2746-DIJLO,No
0917-EZOLA,Yes
4086-ATNFV,No
0468-YRPXN,No
5473-KHBPS,No
8950-MTZNV,No
0326-VDYXE,No
6773-LQTVT,No
2669-OIDSD,No
3834-XUIFC,Yes
1293-HHSHJ,No
3756-VNWDH,No
7673-LPRNY,No
7339-POGZN,No
2828-SLQPF,No
9257-AZMTZ,No
7743-EXURX,Yes
5569-KGJHX,Yes
9799-CAYJJ,No
5206-HPJKM,No
0748-RDGGM,Yes
5019-GQVCR,No
6036-TTFYU,No
4706-AXVKM,Yes
9026-RNUJS,Yes
4318-RAJVY,No
3612-YUNGG,No
5062-CJJKH,No
9028-LIHRP,No
0853-TWRVK,No
6212-ATMLK,No
1568-BEKZM,No
0670-ANMUU,No
0963-ZBDRN,Yes
0895-LNKRC,No
2045-BMBTJ,No
5171-EPLKN,No
5998-VVEJY,Yes
1624-NALOJ,Yes
9677-AVKED,No
1670-SVOWZ,Yes
1730-ZMAME,No
4634-JLRJT,No
9501-UKKNL,No
0260-ZDLGK,Yes
0133-BMFZO,Yes
6128-CZOMY,Yes
3656-TKRVZ,Yes
6185-TASNN,No
8148-BPLZQ,No
2623-DRYAM,No
3208-YPIOE,Yes
4488-KQFDT,No
1925-LFCZZ,No
8039-EQPIM,No
6900-PXRMS,Yes
3346-BRMIS,Yes
2933-FILNV,Yes
9819-FBNSV,No
3243-ZHOHY,No
7527-QNRUS,No
3878-AVSOQ,No
3258-SYSWS,No
4083-EUGRJ,Yes
1771-OADNZ,Yes
1016-DJTSV,No
9419-IPPBE,No
8106-GWQOK,No
8751-EDEKA,No
3194-ORPIK,Yes
1723-HKXJQ,Yes
7825-GKXMW,Yes
4433-JCGCG,Yes
5312-UXESG,No
5616-PRTNT,Yes
4818-QIUFN,Yes
4877-TSOFF,No
6961-VCPMC,Yes
7306-YDSOI,No
0655-YDGFJ,No
8468-EHYJA,No
6823-SIDFQ,No
7010-ZMVBF,No
1965-DDBWU,Yes
6352-GIGGQ,No
7134-HBPBS,No
2926-JEJJC,No
9822-WMWVG,No
9040-KZVWO,No
4424-TKOPW,Yes
4415-WNGVR,No
8885-QSQBX,No
8617-ENBDS,No
2959-MJHIC,Yes
6674-KVJHG,No
1866-RZZQS,Yes
6968-URWQU,No
8873-TMKGR,No
8337-UPOAQ,Yes
1725-IQNIY,Yes
6598-RFFVI,Yes
1508-DFXCU,No
8614-VGMMV,Yes
7868-BGSZA,No
2930-UOTMB,Yes
7973-DZRKH,No
8644-XLFBW,Yes
9306-CPCBC,Yes
9481-IEBZY,No
6402-EJMWF,No
3620-EHIMZ,No
6870-ECSHE,No
7714-YXSMB,No
0812-WUPTB,Yes
0004-TLHLJ,Yes
8805-JNRAZ,No
6418-HNFED,No
7291-CDTMJ,No
7691-KGKGP,No
1732-FEKLD,No
9862-KJTYK,No
0365-BZUWY,No
4817-VYYWS,Yes
1099-BTKWT,No
7340-KEFQE,No
4570-QHXHL,No
2898-LSJGD,Yes
4090-KPJIP,No
3886-CERTZ,Yes
5816-SCGFC,No
4979-HPRFL,No
2332-TODQS,No
9278-VZKCD,No
5999-LCXAO,No
2139-FQHLM,No
8938-UMKPI,Yes
0991-BRRFB,Yes
3882-IYOIJ,No
1755-FZQEC,No
3115-JPJDD,No
6319-IEJWJ,Yes
9025-AOMKI,Yes
4390-KYULV,Yes
1304-NECVQ,Yes
5712-VBOXD,No
4537-CIBHB,No
4324-AHJKS,No
9861-PDSZP,No
6704-UTUKK,No
4587-VVTOX,Yes
8788-DOXSU,No
8972-HJWNV,Yes
3692-JHONH,No
8915-NNTRC,No
5914-GXMDA,No
7463-IFMQU,No
2860-RANUS,Yes
8868-WOZGU,Yes
1200-TUZHR,No
7634-WSWDB,No
0406-BPDVR,Yes
0618-XWMSS,Yes
1395-WSWXR,No
0420-HLGXF,No
7446-KQISO,No
0582-AVCLN,No
3727-JEZTU,No
8143-ETQTI,No
3657-COGMW,No
4334-HOWRP,No
5863-OOKCL,No
2984-MIIZL,Yes
5590-YRFJT,Yes
5196-WPYOW,No
0603-TPMIB,No
8161-QYMTT,No
5862-BRIXZ,No
5404-GGUKR,No
2434-EEVDB,No
6762-QVYJO,No
9522-BNTHX,No
4676-WLUHT,No
3329-WDIOK,Yes
3415-TAILE,Yes
1629-DQQVB,No
0374-AACSZ,No
0946-CLJTI,Yes
0324-BRPCJ,Yes
5640-CAXOA,No
8687-BAFGU,No
9780-FKVVF,No
5055-BRMNE,No
5208-FVQKB,No
6627-CFOSN,No
1574-DYCWE,No
2466-FCCPT,No
4826-TZEVA,No
0576-WNXXC,Yes
4632-XJMEX,No
8910-LEDAG,No
2716-GFZOR,No
3192-LNKRK,No
6834-NXDCA,Yes
3005-TYFRD,No
5597-GLBUC,Yes
7278-CKDNC,No
7733-UDMTP,No
5214-CHIWJ,No
6917-YACBP,No
0769-MURVM,No
9253-VIFJQ,No
0906-QVPMS,No
7858-GTZSP,No
3285-UCQVC,Yes
4685-TFLLS,No
5482-PLVPE,Yes
4902-OHLSK,Yes
2357-COQEK,Yes
2027-WKXMW,No
6963-KQYQB,No
3146-JTQHR,No
9955-QOPOY,No
4385-ZKVNW,No
5797-APWZC,Yes
8107-KNCIM,No
9027-YFHQJ,No
5345-BMKWB,No
7998-WNZEM,No
7629-WFGLW,No
6715-OFDBP,Yes
5016-LIPDW,No
9362-MWODR,No
6867-ACCZI,No
2683-BPJSO,Yes
2157-MXBJS,Yes
8207-VVMYB,No
2121-JAFOM,No
8818-DOPVL,No
5445-PZWGX,Yes
2167-FQSTQ,No
2819-GWENI,No
2692-PFYTJ,No
9135-HSWOC,No
2228-BZDEE,No
2114-MGINA,Yes
3284-SVCRO,No
8908-NMQTX,No
2187-LZGPL,Yes
4369-NYSCF,No
5599-HVLTW,No
2700-LUEVA,No
1101-SSWAG,No
4013-TLDHQ,Yes
5325-UWTWJ,No
3969-GYXEL,No
9208-OLGAQ,No
3244-CQPHU,No
4468-YDOVK,No
5792-JALQC,No
7130-VTEWQ,Yes
4302-ZYFEL,No
4366-CTOUZ,No
6121-VZNQB,Yes
7903-CMPEY,Yes
0096-BXERS,No
8680-CGLTP,No
8430-TWCBX,No
1704-NRWYE,Yes
4781-ZXYGU,No
7632-YUTXB,No
2718-YSKCS,No
9896-UYMIE,No
3400-ESFUW,Yes
5778-BVOFB,No
0228-MAUWC,No
0257-KXZGU,No
1307-ATKGB,No
1850-AKQEP,No
5227-JSCFE,No
8042-RNLKO,No
0420-TXVSG,No
6217-TOWGS,No
0378-XSZPU,Yes
1045-LTCYT,No
1544-JJMYL,No
5061-PBXFW,No
4749-OJKQU,No
5453-AXEPF,No
2263-SFSQZ,No
9950-MTGYX,No
3397-AVTKU,No
6543-XRMYR,Yes
2001-EWBQU,No
4925-LMHOK,Yes
6695-AMZUF,No
1455-UGQVH,Yes
8410-BGQXN,No
1619-YWUBB,No
2037-SGXHH,Yes
3606-SBKRY,No
8242-JSVBO,No
9541-ZPSEA,No
2665-NPTGL,No
7908-QCBCA,Yes
3873-WOSBC,No
3714-JTVOV,Yes
7853-WNZSY,No
5006-MXVRN,No
6917-FIJHC,No
2013-SGDXK,Yes
0103-CSITQ,No
4860-IJUDE,No
0423-UDIJQ,No
5360-LJCNJ,No
5339-TJFEK,No
5827-MWCZK,No
7787-BNTZM,No
9415-TPKRV,No
5322-TEUJK,No
1866-DIOQZ,No
3709-OIJEA,No
7766-CLTIC,No
1069-XAIEM,Yes
5201-USSQZ,No
1897-RCFUM,No
2432-TFSMK,No
3932-IJWDZ,No
1240-HCBOH,No
3594-KADLU,No
2519-TWKFS,No
0626-QXNGV,No
6350-XFYGW,No
4290-BSXUX,Yes
8513-OLYGY,No
0929-PECLO,No
1202-KKGFU,No
9426-SXNHE,No
9068-FHQHD,No
9895-VFOXH,No
5701-ZIKJE,No
9717-QEBGU,No
6509-TSGWN,No
8455-HIRAQ,No
0883-EIBTI,Yes
4018-KJYUY,No
0722-TROQR,Yes
7571-YXDAD,Yes
8780-RSYYU,No
3393-FMZPV,Yes
3011-WQKSZ,No
2832-SCUCO,No
0265-PSUAE,No
0463-TXOAK,No
5365-LLFYV,No
0961-ZWLVI,No
7544-ZVIKX,No
7508-DQAKK,No
9356-AXGMP,No
3556-BVQGL,No
8979-CAMGB,No
4211-MMAZN,Yes
5073-RZGBK,No
1541-ETJZO,Yes
6522-OIQSX,No
7813-ZGGAW,No
0723-FDLAY,No
8544-JNBOX,No
6681-ZSEXG,No
6116-RFVHN,No
1682-VCOIO,No
5729-KLZAR,Yes
8849-AYPTR,No
8740-CRYFY,Yes
4001-TSBTV,No
2962-XPMCQ,Yes
8727-XDPUD,No
5795-BKOYE,No
8627-EHGIP,Yes
5895-QSXOD,No
6175-IRFIT,No
8760-ZRHKE,No
6749-UTDVX,No
5542-DHSXL,No
5216-WASFJ,No
7808-DVWEP,No
7067-KSAZT,Yes
6532-YLWSI,Yes
9972-NKTFD,No
1112-CUNAO,Yes
5175-AOBHI,Yes
5174-RNGBH,Yes
8631-WUXGY,No
8348-JLBUG,No
9732-KPKBW,Yes
0536-ESJEP,No
1360-XFJMR,No
5730-RIITO,No
5707-ORNDZ,Yes
8190-ZTQFB,No
2055-PDADH,Yes
0868-VJRDR,No
3950-VPYJB,No
6941-KXRRV,No
3688-FTHLT,No
6848-YLDFR,No
7869-ZYDST,No
8404-VIOMB,No
5304-EFJLP,No
3162-ZJZFU,No
8404-GFGCZ,No
6635-MYYYZ,Yes
2436-QBZFP,No
3420-YJLQT,No
6040-CGACY,No
6582-PLFUU,No
0264-CNITK,No
7839-NUIAA,No
6075-QMNRR,No
2055-BFOCC,No
4298-OYIFC,No
6413-XKKPU,Yes
3703-KBKZP,No
4973-MGTON,No
3682-YEUWS,No
2612-RRIDN,Yes
4735-ASGMA,Yes
3446-QDSZF,No
7379-FNIUJ,No
5884-GCYMI,Yes
4486-EFAEB,No
7853-GVUDZ,Yes
6954-OOYZZ,No
8313-AFGBW,No
4398-HSCJH,Yes
2303-PJYHN,No
1237-WIYYZ,No
4822-LPTYJ,No
4855-SNKMY,Yes
9593-CVZKR,No
7124-UGSUR,Yes
4827-DPADN,No
2694-CIUMO,No
1439-LCGVL,No
4647-XXZAM,No
4816-JBHOV,Yes
2067-QYTCF,No
9103-TCIHJ,Yes
9150-KPBJQ,No
3320-VEOYC,No
8774-GSBUN,No
1401-FTHFQ,No
9758-MFWGD,No
4325-NFSKC,Yes
9927-DSWDF,No
9500-LTVBP,No
7252-NTGSS,No
8149-AIQCG,No
3255-GRXMG,No
6925-BAYGL,No
3262-EIDHV,No
1376-HHBDV,No
6907-NZZIJ,Yes
6133-OZILE,No
5018-LXQQG,No
5995-SNNEW,No
2821-WARNZ,No
1644-IRKSF,Yes
2507-QZPQS,No
7074-STDCN,No
2606-RMDHZ,Yes
6266-QHOJZ,No
7269-JISCY,No
9940-RHLFB,Yes
6591-QGOYB,No
6421-SZVEM,No
8541-QVFKM,No
6374-AFWOX,No
5317-FLPJF,No
6034-YMTOB,No
8563-IIOXK,Yes
4903-CNOZC,No
2982-VPSGI,Yes
8199-ZLLSA,Yes
6892-XPFPU,Yes
4119-ZYPZY,No
3727-OVPRY,No
6196-HBOBZ,No
5562-YJQGT,No
8807-OPMBM,No
5439-WIKXB,No
5840-NVDCG,No
8092-NLTGF,No
5928-QLDHB,No
6000-APYLU,Yes
3566-VVORZ,No
9507-HSMMZ,No
7813-TKCVO,No
7570-WELNY,No
3776-EKTKM,Yes
1028-FFNJK,No
3507-GASNP,No
1676-MQAOA,No
7566-DSRLQ,No
0734-OXWBT,No
1841-YSJGV,No
7845-URHJN,Yes
5018-HEKFO,No
1241-EZFMJ,No
5376-PCKNB,No
5887-IKKYO,No
4299-SIMNS,No
3338-CVVEH,No
8485-GJCDN,Yes
2851-STERV,No
4393-GEADV,No
1527-SXDPN,Yes
4560-WQAQW,No
9309-BZGNT,No
6507-DTJZV,No
2725-IWWBA,No
1061-PNTHC,No
0394-YONDK,No
6574-MCOEH,No
0997-YTLNY,No
3317-HRTNN,Yes
3235-ETOOB,Yes
8058-INTPH,Yes
2927-CVULT,No
2144-BFDSO,No
5569-OUICF,Yes
1941-HOSAM,No
1448-CYWKC,No
2690-DVRVK,No
2894-QOJRX,Yes
5583-EJXRD,No
9441-QHEVC,No
2580-ASVVY,No
2982-IHMFT,Yes
0771-CHWSK,No
5375-XLDOF,No
6559-PDZLR,No
8992-OBVDG,No
4273-MBHYA,No
1460-UZPRJ,No
6082-GLJIX,No
3810-PJUHR,No
0112-QAWRZ,No
0877-SDMBN,Yes
2786-GCDPI,No
4043-MKDTV,No
8065-YKXKD,Yes
9229-RQABD,No
9689-PTNPG,Yes
3137-LUPIX,No
5118-MUEYH,No
5627-TVBPP,No
4067-HLYQI,No
0292-WEGCH,No
4097-YODCF,No
6005-OBZPH,Yes
4049-ZPALD,No
6833-JMZYP,No
8961-QDZZJ,No
9715-SBVSU,No
5228-EXCET,Yes
8630-QSGXK,No
2455-USLMV,No
7394-FKDNK,Yes
7879-CGSFV,No
9921-EZKBY,No
7000-WCEVQ,Yes
0727-IWKVK,Yes
3026-ATZYV,No
2506-TNFCO,Yes
9496-IVVRP,No
9289-LBQVU,No
6142-VSJQO,Yes
3458-IDMFK,No
0221-NAUXK,No
9770-KXGQU,No
6726-NNFWD,No
4277-UDIEF,No
4912-PIGUY,No
8990-ZXLSU,No
5519-TEEUH,No
0804-XBFBV,No
2696-NARTR,Yes
3755-JBMNH,Yes
5753-QQWPW,No
3173-NVMPX,No
6923-EFPNL,Yes
8034-RYTVV,No
3863-QSTYI,No
1333-PBMXB,No
5985-BEHZK,No
9644-KVCNC,No
9279-CJEOJ,No
7964-VEXDG,No
0778-NELLA,Yes
3803-KMQFW,Yes
6804-GDMOI,Yes
7658-UYUQS,No
9611-CTWIH,Yes
8838-GPHZP,No
5364-EVNIB,Yes
1346-PJWTK,No
5088-QZLRL,No
4397-FRLTA,No
5087-SUURX,Yes
8133-ANHHJ,No
2270-CHBFN,No
4654-ULTTN,No
5546-BYZSM,No
1492-KGETH,No
4929-BSTRX,Yes
4163-HFTUK,No
8859-YSTWS,No
7601-DHFWZ,No
4667-OHGKG,Yes
1998-VHJHK,No
1707-HABPF,No
1660-HSOOQ,Yes
7253-UVNDW,Yes
7228-OMTPN,Yes
2308-STERM,No
9705-ZJBCG,No
0816-TSPHQ,No
9932-WBWIK,No
4619-EVPHY,No
4391-RESHN,Yes
4462-CYWMH,No
2458-EOMRE,No
5028-HTLJB,Yes
1222-LRYKO,No
2320-JRSDE,Yes
4423-JWZJN,No
6490-FGZAT,No
9444-JTXHZ,Yes
4942-VZZOM,No
5510-BOIUJ,Yes
4291-HYEBC,No
7638-QVMVY,Yes
7312-XSBAT,No
2824-MYYBN,No
6469-QJKZW,No
2896-TBNBE,No
3841-CONLJ,No
4369-HTUIF,Yes
9386-LDCZR,No
0336-KXKFK,No
5619-XZZKR,No
5327-XOKKY,No
0983-TATYJ,No
0156-FVPTA,Yes
0654-HMSHN,Yes
5287-QWLKY,Yes
7072-MBHEV,No
1891-UAWWU,Yes
8204-TIFGJ,No
0363-QJVFX,Yes
8903-XEBGX,No
2888-ADFAO,No
3374-LXDEV,Yes
4936-YPJNK,No
4817-KEQSP,No
4199-QHJNM,No
5847-MXBEO,No
1421-HCERK,No
9633-XQABV,No
8645-KOMJQ,No
4057-FKCZK,No
4871-JTKJF,Yes
7401-RUBNK,No
0506-YLVKJ,No
4815-GBTCD,No
7233-DRTRF,No
1697-NVVGY,No
9102-IAYHT,Yes
6754-LZUKA,No
8099-MZPUJ,No
0787-LHDYT,No
0374-IOEGQ,No
9867-NNXLC,No
5321-NTRKC,No
1363-TXLSL,Yes
9507-EXLTT,Yes
4641-FROLU,No
2862-JVEOY,No
2969-QWUBZ,No
2077-MPJQO,No
7136-RVDTZ,Yes
2971-SGAFL,No
1480-IVEVR,No
3370-HXOPH,No
9958-MEKUC,No
0281-CNTZX,No
3398-ZOUAA,Yes
9114-VEPUF,No
8241-JUIQO,No
9631-RXVJM,No
9584-EXCDZ,No
5093-FEGLU,No
2428-HYUNX,No
0568-ONFPC,Yes
0733-VUNUW,Yes
4550-EVXNY,Yes
2968-SSGAA,Yes
8909-BOLNL,No
4785-QRJHC,Yes
9693-XMUOB,No
2709-UQGNP,No
3549-ZTMNH,No
7881-INRLC,Yes
8033-ATFAS,No
0562-HKHML,No
0082-LDZUE,No
0856-NAOES,No
6156-UZDLF,No
9500-WBGRP,No
5144-PQCDZ,No
1356-MKYSK,No
0011-IGKFF,Yes
2931-FSOHN,No
9418-RUKPH,No
9711-FJTBX,No
2908-ZTPNF,No
7240-ETPTR,Yes
8421-WZOOW,No
6888-SBYAI,No
7163-OCEQI,No
9782-LGXMC,No
5167-GBFRE,Yes
4853-OITSN,No
2324-EFHVG,No
6907-CQGPN,No
0780-XNZFN,No
0212-ISBBF,No
9185-TQCVP,Yes
5271-DBYSJ,No
0442-TDYUO,No
6736-DHUQI,No
1360-RCYRT,No
6646-VRFOL,Yes
3460-TJBWI,No
5671-UUNXD,No
2325-NBPZG,No
4250-ZBWLV,Yes
4482-FTFFX,No
0440-MOGPM,No
0020-JDNXP,No
3752-CQSJI,No
0282-NVSJS,No
9090-SGQXL,Yes
6595-YGXIT,Yes
9835-ZIITK,Yes
1555-DJEQW,Yes
5649-TJHOV,Yes
0519-XUZJU,Yes
4487-ZYJZK,No
4079-ULGFR,No
0057-QBUQH,No
9445-SZLCH,Yes
7325-ENZFI,No
4458-KVRBJ,No
1397-XKKWR,No
3945-GFWQL,Yes
3797-VTIDR,Yes
9691-HKOVS,No
5119-KEPFY,No
8364-TRMMK,Yes
7493-GVFIO,No
9114-DPSIA,No
9249-FXSCK,Yes
4819-HJPIW,No
5438-QMDDL,No
7445-WMRBW,No
9924-JPRMC,No
6218-KNUBD,No
7337-CINUD,No
0623-EJQEG,No
9190-MFJLN,Yes
5614-DNZCE,No
3726-TBHQT,No
5385-SUIRI,Yes
3982-XWFZQ,Yes
2322-VCZHZ,No
3069-SSVSN,No
5222-IMUKT,No
3627-FCRDW,Yes
4903-UYAVB,Yes
0118-JPNOY,No
5857-XRECV,No
0725-CXOTM,No
9000-PLFUZ,No
0644-OQMDK,No
3154-CFSZG,No
2868-MZAGQ,Yes
4847-QNOKA,Yes
1658-XUHBX,No
6379-RXJRQ,Yes
1260-TTRXI,Yes
6328-ZPBGN,Yes
7542-CYDDM,No
2868-LLSKM,No
2856-NNASM,Yes
7328-ZJAJO,No
6458-CYIDZ,No
7547-EKNFS,Yes
2279-AXJJK,No
6769-DYBQN,Yes
3417-TSCIC,No
6537-OTKMY,No
1496-GGSUK,Yes
6434-TTGJP,No
0042-JVWOJ,No
2097-YVPKN,No
6631-HMANX,No
5188-HGMLP,No
6521-YYTYI,Yes
5331-RGMTT,No
7823-JSOAG,No
6128-DAFVY,No
0328-GRPMV,Yes
4636-OLWOE,No
4342-HENTK,Yes
0489-WMEMG,No
1354-YZFNB,No
2812-ENYMO,No
3422-GALYP,No
0327-WFZSY,No
7977-HXJKU,No
3967-VQOGC,No
9250-WYPLL,Yes
6308-CQRBU,No
1597-LHYNC,Yes
5872-OEQNH,No
7055-VKGDA,Yes
0754-UKWQP,Yes
8873-GLDMH,No
8946-BFWSG,No
0547-HURJB,No
8752-STIVR,Yes
5022-JNQEQ,No
3249-VHRIP,No
3736-BLEPA,No
6603-QWSPR,No
1929-ZCBHE,No
7798-JVXYM,No
2081-KJSQF,No
0902-RFHOF,No
3407-QGWLG,No
2347-WKKAE,No
8735-DCXNF,No
3214-IYUUQ,No
3587-PMCOY,No
8073-IJDCM,Yes
5309-TAIKL,No
2845-KDHVX,No
6734-FQAJX,No
1535-VTJOQ,No
6368-TZZDT,No
1302-TPUBN,No
6656-GULJQ,No
3999-WRNGR,No
2101-RANCD,No
5298-GSTLM,No
6728-CZFEI,No
3653-NCRDJ,No
3865-ZYKAD,No
2999-AANRQ,No
8668-KNZTI,No
0480-KYJVA,No
6332-FBZRI,No
2346-LOCWC,No
6608-QQLVK,Yes
0298-XACET,No
2995-YWTCD,No
3551-HUAZH,Yes
2809-ZMYOQ,No
5084-OOVCJ,No
3685-YLCMQ,Yes
4609-KNNWG,No
4868-AADLV,No
8634-MPHTR,Yes
2478-EEWWM,No
2233-TXSIU,No
0419-YAAPX,No
8164-OCKUJ,No
0859-YGKFW,No
1150-FTQGN,No
3518-FSTWG,No
4351-QLCSU,Yes
2911-IJORQ,No
5921-NGYRH,No
0488-GSLFR,Yes
9318-NKNFC,Yes
4062-HBMOS,No
4753-PADAS,No
7781-EWARA,No
6110-OHIHY,Yes
5889-LFOLL,Yes
8708-XPXHZ,Yes
0616-ATFGB,Yes
5135-RDDQL,No
1794-SWWKL,No
7016-BPGEU,Yes
1092-WPIVQ,No
7233-IOQNP,No
2834-JKOOW,No
4957-SREEC,No
0520-FDVVT,Yes
1444-VVSGW,Yes
1635-HDGFT,No
3315-TOTBP,Yes
8050-XGRVL,No
9828-QHFBK,No
4891-NLUBA,No
2856-HYAPG,Yes
0661-KQHNK,No
8709-KRDVL,No
6339-YPSAH,No
1548-FEHVL,No
3898-BSJYF,No
7696-AMHOD,No
2453-SAFNS,No
9558-IHEZX,No
6340-DACFT,No
4955-VCWBI,No
8317-BVKSO,No
5702-KVQRD,No
4592-IWTJI,Yes
4657-FWVFY,No
2257-BOVXD,No
7729-JTEEC,No
7242-QZLXF,Yes
4576-CSAJH,Yes
2791-SFVEW,No
6762-NSODU,No
9979-RGMZT,No
6437-UDQJM,No
4415-IJZTP,Yes
1465-VINDH,Yes
4747-LCAQL,No
2164-SOQXL,No
0827-ITJPH,No
1925-TIBLE,Yes
1705-GUHPV,No
0048-PIHNL,No
0818-OCPZO,Yes
3967-KXAPS,No
1395-OFUWC,No
5090-EMGTC,No
3798-EPWRR,No
6258-NGCNG,No
5274-XHAKY,No
9412-ARGBX,Yes
7605-SNLQG,No
5161-XEUVX,No
8080-POTJR,No
2027-CWDNU,No
4989-LIXVT,No
1173-XZPYF,No
9850-OWRHQ,Yes
2509-TFPJU,No
5481-NTDOH,No
2068-WWXQZ,No
0685-MLYYM,Yes
1272-ILHFG,No
0164-XAIRP,No
6365-HITVU,No
7957-RYHQD,Yes
1960-UOTYM,No
5515-AKOAJ,Yes
1591-MQJTP,No
5295-PCJOO,Yes
2369-FEVNO,No
7471-MQPOS,No
5115-SQAAU,No
9845-QOMAD,No
7672-VFMXZ,No
9739-JLPQJ,No
1488-SYSFC,No
7931-PXHFC,Yes
0970-QXPXW,No
3259-KNMRR,No
5893-KCLGT,No
8441-SHIPE,No
1116-DXXDF,No
0270-THENM,No
3005-NFMTA,Yes
8784-CGILN,Yes
7009-LGECI,No
5022-KVDQT,No
7976-CICYS,No
9451-LPGOO,Yes
5868-YWPDW,Yes
6229-LSCKB,No
1724-IQWNM,No
8217-QYOHV,No
9940-HPQPG,Yes
0531-XBKMM,No
4534-WGCIR,No
1930-WNXSB,No
3508-CFVZL,No
6692-UDPJC,Yes
5906-CVLHP,Yes
3452-SRFEG,No
6341-AEVKX,No
4501-EQDRN,Yes
7603-USHJS,Yes
5876-HZVZM,Yes
1400-MMYXY,Yes
3926-CUQZX,Yes
5820-PTRYM,No
9609-BENEA,No
6211-WHMYA,No
9945-PSVIP,No
9108-EJFJP,No
0530-IJVDB,No
0508-SQWPL,No
7242-EDTYC,No
8267-ZNYVZ,Yes
9398-MMQTO,No
4710-NKCAW,No
0357-NVCRI,No
6257-DTAYD,No
4616-ULAOA,No
2758-RNWXS,No
2405-LBMUW,No
9039-ZVJDC,No
9013-AQORL,No
2750-BJLSB,No
6394-MFYNG,Yes
1564-NTYXF,Yes
9364-YKUVW,No
5392-AKEMH,No
0886-QGENL,Yes
7789-CRUVC,No
6598-KELSS,No
8739-WWKDU,Yes
4745-LSPLO,Yes
8083-YTZES,Yes
6664-FPDAC,Yes
9972-VAFJJ,No
0422-UXFAP,No
1904-WAJAA,No
5130-YPIRV,No
2843-CQMEG,No
6439-PKTRR,No
5351-QESIO,No
6967-PEJLL,No
3976-BWUCK,Yes
0376-OIWME,No
3585-ISXZP,Yes
6583-QGCSI,Yes
7164-BPTUT,No
9347-AERRL,No
0723-DRCLG,Yes
1685-BQULA,No
0666-UXTJO,No
1122-JWTJW,Yes
7203-OYKCT,No
2823-LKABH,No
0639-TSIQW,Yes
7750-EYXWZ,No
4801-JZAZL,No
3186-AJIEK,No
